asin,avg_overall
B00CYQP3AK,4.303808648954211
B010OYASRG,4.400960089701812
0007420412,4.491313850521619
0099911701,4.590658035396128
0141353678,4.681788105761851
0297859382,3.891026781742148
0312577222,4.783670125614418
038568231X,4.04091143594153
0553418025,4.632273822490675
B000X1MX7E,4.0529619941529464
